{"cameraMode":{"drawMode":0,"name":"Shaded","section":"Shading Mode"},"sceneLighting":false,"audioPlay":false,"sceneViewState":{"showFog":true,"showMaterialUpdate":true,"showSkybox":false,"showFlares":true,"showImageEffects":true,"showParticleSystems":true},"in2DMode":false,"pivot":{"x":0.7634565830230713,"y":1.0080000162124634,"z":-0.4538653492927551},"rotation":{"x":0.268305242061615,"y":0.10523780435323715,"z":-0.02948947250843048,"w":0.9571238160133362},"size":0.07727373391389847,"orthographic":false}