{"cameraMode":{"drawMode":0,"name":"Shaded","section":"Shading Mode"},"sceneLighting":true,"audioPlay":false,"sceneViewState":{"showFog":true,"showMaterialUpdate":true,"showSkybox":true,"showFlares":true,"showImageEffects":true,"showParticleSystems":true},"in2DMode":false,"pivot":{"x":0.4203031659126282,"y":1.011594533920288,"z":1.2527648210525513},"rotation":{"x":0.08392361551523209,"y":0.08213982731103897,"z":-0.006943550892174244,"w":0.9930803775787354},"size":0.8559021353721619,"orthographic":false}